<resources>

    <!-- Base application theme. -->
    <style name="AppTheme" parent="Theme.MaterialComponents.Light.NoActionBar">
        <!-- Customize your theme here. -->
        <item name="colorPrimary">@color/colorPrimary</item>
        <item name="colorPrimaryDark">@color/colorPrimaryDark</item>
        <item name="colorAccent">@color/colorAccent</item>
    </style>

	<style name="SplashTheme" parent="Theme.AppCompat.Light.NoActionBar">

		<item name="android:windowBackground">@drawable/splash_screen</item>
		<item name="android:windowNoTitle">true</item>
		<item name="android:windowFullscreen">true</item>
		<item name="android:windowContentOverlay">@null</item>
		<item name="android:windowActionBar">true</item>

	</style>

</resources>
